Ameridion_petrum	Ameridion_petrum
Ameridion_sp	Ameridion_sp
Anelosimus_agnar	Anelosimus_agnar
Anelosimus_amelie	Anelosimus_amelie
Anelosimus_analyticus	Anelosimus_analyticus
Anelosimus_arizona	Anelosimus_arizona
Anelosimus_aulicus	Kochiura_aulica
Anelosimus_baeza	Anelosimus_baeza
Anelosimus_bali	Anelosimus_bali
Anelosimus_decaryi	Anelosimus_decaryi
Anelosimus_domingo	Anelosimus_domingo
Anelosimus_dubiosus	Anelosimus_dubiosus
Anelosimus_eidur	Anelosimus_eidur
Anelosimus_elegans	Anelosimus_elegans
Anelosimus_ethicus	Anelosimus_ethicus
Anelosimus_eximius	Anelosimus_eximius
Anelosimus_guacamayos	Anelosimus_guacamayos
Anelosimus_jabaquara	Anelosimus_jabaquara
Anelosimus_jucundus	Anelosimus_jucundus
Anelosimus_kohi	Anelosimus_kohi
Anelosimus_linda	Anelosimus_linda
Anelosimus_may	Anelosimus_may
Anelosimus_nigrescens	Anelosimus_nigrescens
Anelosimus_nr	Anelosimus_nr
Anelosimus_octavius	Anelosimus_octavius
Anelosimus_oritoyacu	Anelosimus_oritoyacu
Anelosimus_pacificus	Anelosimus_pacificus
Anelosimus_pomio	Anelosimus_pomio
Anelosimus_potmosbi	Anelosimus_potmosbi
Anelosimus_pratchetti	Anelosimus_pratchetti
Anelosimus_rupununi	Anelosimus_rupununi
Anelosimus_sp	Anelosimus_sp
Anelosimus_studiosus	Anelosimus_studiosus
Anelosimus_tosus	Anelosimus_tosus
Anelosimus_tungurahua	Anelosimus_studiosus
Archemorus_155	Archemorus_sp
Argyrodes_argentatus	Argyrodes_argentatus
Argyrodes_chickeringi	Faiditus_chickeringi
Argyrodes_flavescens	Argyrodes_flavescens
Argyrodes_trigonum	Neospintharus_trigonum
Ariamnes_attenuata	Ariamnes_attenuatus
Ariamnes_cylindrogaster	Ariamnes_cylindrogaster
Arkys_cornutus	Arkys_cornutus
Asagena_phalerata	Asagena_phalerata
Asagena_phalerata_2	Asagena_phalerata
Audifia_sp	Audifia_sp
Callobius	Callobius
Canalidion_montanum	Canalidion_montanum
Canalidion_montanum_2	Canalidion_montanum
Cerocida_strigosa	Cerocida_strigosa
Chikunia_albipes	Chikunia_albipes
Chikunia_nigra	Chikunia_nigra
Chikunia_sp	Chikunia_sp
Chrosiothes_cf	Chrosiothes_cf
Chrysso_albipes	Chikunia_albipes
Chrysso_n	Chrysso_sp
Chrysso_octomaculata	Coleosoma_octomaculatum
Chrysso_sp	Chrysso_sp
Coleosoma_acutiventer	Coleosoma_acutiventer
Crustulina_sticta	Crustulina_sticta
Cryptachaea_blattea	Cryptachaea_blattea
Cryptachaea_riparia	Cryptachaea_riparia
Cryptachaea_riparia_2	Cryptachaea_riparia
Deinopis_spinosa	Deinopis_spinosa
Demadiana_cerula_245	Demadiana_cerula
Dipoena_cf	Dipoena_cf
Echinotheridion_otlum	Echinotheridion_otlum
Enoplognatha_bryjai	Enoplognatha_bryjai
Enoplognatha_caricis	Enoplognatha_caricis
Enoplognatha_latimana	Enoplognatha_latimana
Enoplognatha_margarita	Enoplognatha_margarita
Enoplognatha_ovata	Enoplognatha_ovata
Episinus_affinis	Episinus_affinis
Episinus_angulatus	Episinus_angulatus
Episinus_nubilus	Episinus_nubilus
Erigone_dentosa	Erigone_dentosa
Euryopis_funebris	Euryopis_funebris
Exalbidion_pallisterorum	Exalbidion_pallisterorum
Helvibis_cf	Helvibis_cf
Hyptiotes_cavatus	Hyptiotes_cavatus
Keijia_alabamensis	Platnickina_alabamensis
Keijia_mneon	Platnickina_mneon
Keijia_punctosparsa	Platnickina_punctosparsa
Kochiura_rosea	Kochiura_rosea
Lasaeola_prona	Lasaeola_prona
Lasaeola_tristis	Lasaeola_tristis
Latrodectus_geometricus	Latrodectus_geometricus
Latrodectus_mactans	Latrodectus_mactans
Latrodectus_renivulvatus	Latrodectus_renivulvatus
Leucauge_venusta	Leucauge_venusta
Meotipa_sp	Meotipa_sp
Meta_ovalis_178	Meta_ovalis
Metellina_segmentata	Metellina_segmentata
Moneta_sp	Moneta_sp
Neottiura_bimaculata	Neottiura_bimaculata
Neottiura_bimaculata_2	Neottiura_bimaculata
Neottiura_bimaculata_2_2	Neottiura_bimaculata
Neriene	Neriene
Nesticodes_rufipes	Nesticodes_rufipes
Ohlertidion_ohlerti	Ohlertidion_ohlerti
Paidiscura_pallens	Paidiscura_pallens
Paidiscura_pallens_2	Paidiscura_pallens
Parasteatoda_tabulata	Parasteatoda_tabulata
Pholcomma_hirsutum	Pholcomma_hirsutum
Phoroncidia_americana	Phoroncidia_americana
Phoroncidia_sp	Phoroncidia_sp
Phycosoma_mustelinum	Phycosoma_mustelinum
Phylloneta_impressa	Phylloneta_impressa
Phylloneta_impressa_2	Phylloneta_impressa
Pimoa_121	Pimoa_121
Rhomphaea_metalissima	Rhomphaea_metaltissima
Robertus_lividus	Robertus_lividus
Robertus_neglectus	Robertus_neglectus
Rugathodes_aurantius	Rugathodes_aurantius
Rugathodes_sexpunctatus	Rugathodes_sexpunctatus
Rugathodes_sp	Rugathodes_sp
Sardinidion_blackwalli	Sardinidion_blackwalli
Selkirkiella_alboguttata	Selkirkiella_alboguttata
Selkirkiella_luisi	Selkirkiella_luisi
Selkirkiella_luisi_2	Selkirkiella_luisi
Spintharus_flavidus	Spintharus_flavidus
Steatoda_bipunctata	Steatoda_bipunctata
Steatoda_borealis	Steatoda_borealis
Steatoda_castanea	Steatoda_castanea
Steatoda_cingulata	Steatoda_cingulata
Steatoda_triangulosa	Steatoda_triangulosa
Stemmops_cf	Stemmops_cf
Stemmops_nipponicus	Stemmops_nipponicus
Styposis_selis	Styposis_selis
Synotaxus_225	Synotaxus_225
Takayus_latifolius	Takayus_latifolius
Takayus_lyricus	Yunohamella_lyricus
Takayus_quadrimaculatus	Takayus_quadrimaculatus
Takayus_takayensis	Takayus_takayensis
Tetragnatha_versicolor	Tetragnatha_versicolor
Theridiinae_sp	Theridiinae_sp
Theridiinae_sp_2	Theridiinae_sp_2
Theridion_acutitarse	Theridion_acutitarse
Theridion_albidum	Theridion_albidum
Theridion_calcynatum	Theridion_calcynatum
Theridion_californicum	Theridion_californicum
Theridion_cf	Theridion_cf
Theridion_differens	Theridion_differens
Theridion_flavonotatum	Theridion_flavonotatum
Theridion_frondeum	Theridion_frondeum
Theridion_glaucescens	Theridion_glaucescens
Theridion_grallator	Theridion_grallator
Theridion_kauaiense	Theridion_kauaiense
Theridion_longipedatum	Theridion_longipedatum
Theridion_melanosticum	Theridion_melanostictum
Theridion_melanurum	Theridion_melanurum
Theridion_murarium	Theridion_murarium
Theridion_nigroannulatum	Theridion_nigroannulatum
Theridion_palmgreni	Yunohamella_palmgreni
Theridion_palmgreni_2	Yunohamella_palmgreni
Theridion_pennsylvanicum	Theridion_pennsylvanicum
Theridion_pictipes	Phylloneta_pictipes
Theridion_pictum	Theridion_pictum
Theridion_pinastri	Theridion_pinastri
Theridion_posticatum	Theridion_posticatum
Theridion_sangzhiense	Theridion_sangzhiense
Theridion_sp	Theridion_sp
Theridion_theridioides	Theridion_theridioides
Theridion_varians	Theridion_varians
Theridula_emertoni	Theridula_emertoni
Theridula_opulenta	Theridula_opulenta
Thymoites_unimaculatus	Thymoites_unimaculatus
Tidarren_sisyphoides	Tidarren_sisyphoides
Tidarren_sisyphoides_2	Tidarren_sisyphoides
Trigonobothrys_mustelinus	Phycosoma_mustelinum
Uloborus_diversus	Uloborus_diversus
Waitkera_waitakerensis	Waitkera_waitakerensis
Wamba_crispulus	Wamba_crispulus
